timestamp,student_name,date,topic,question_id,question_type,selected_option,correct_answer,is_correct,duration_seconds,duration_display
2026-07-27 18:30:14,Gagu,2026-07-27,Library Classes Arrays and String Handling,1,mcq,Math.max(),Math.max(),True,,
2026-07-27 18:30:14,Gagu,2026-07-27,Library Classes Arrays and String Handling,2,output_prediction,Error,true,False,,
2026-07-27 18:30:14,Gagu,2026-07-27,Library Classes Arrays and String Handling,3,error_finding,Missing comma between 'B' and 'C',Missing comma between 'B' and 'C',True,,
2026-07-27 18:30:14,Gagu,2026-07-27,Library Classes Arrays and String Handling,4,mcq,Strings cannot be concatenated,Strings are immutable,False,,
2026-07-27 18:30:14,Gagu,2026-07-27,Library Classes Arrays and String Handling,5,mcq,int,double,False,,
2026-07-27 18:30:14,Gagu,2026-07-27,Library Classes Arrays and String Handling,6,mcq,insert(),insert(),True,,
2026-07-27 18:30:14,Gagu,2026-07-27,Library Classes Arrays and String Handling,7,mcq,text.length(),text.length(),True,,
2026-07-27 18:30:14,Gagu,2026-07-27,Library Classes Arrays and String Handling,8,output_prediction,30Java,30Java,True,,
2026-07-27 18:30:14,Gagu,2026-07-27,Library Classes Arrays and String Handling,9,output_prediction,4,7,False,,
2026-07-27 18:30:14,Gagu,2026-07-27,Library Classes Arrays and String Handling,10,output_prediction,9.0,9,False,,
2026-07-27 18:30:14,Gagu,2026-07-27,Library Classes Arrays and String Handling,11,output_prediction,false,false,True,,
2026-07-27 18:30:14,Gagu,2026-07-27,Library Classes Arrays and String Handling,12,error_finding,No error,No error,True,,
2026-07-27 18:30:14,Gagu,2026-07-27,Library Classes Arrays and String Handling,13,error_finding,setLength() takes an integer argument,setLength() takes an integer argument,True,,
2026-07-27 18:30:14,Gagu,2026-07-27,Library Classes Arrays and String Handling,14,error_finding,indexOf doesn't take two Strings,The second argument must be an integer,False,,
2026-07-27 18:30:14,Gagu,2026-07-27,Library Classes Arrays and String Handling,15,error_finding,No error,integer should be Integer,False,,
2026-07-28 23:56:02,Gagu,2026-07-28,Library Classes Arrays and String Handling,1,mcq,String,String,True,,
2026-07-28 23:56:02,Gagu,2026-07-28,Library Classes Arrays and String Handling,2,output_prediction,av,av,True,,
2026-07-28 23:56:02,Gagu,2026-07-28,Library Classes Arrays and String Handling,3,error_finding,65.5 must be in quotes,No error,False,,
2026-07-28 23:56:02,Gagu,2026-07-28,Library Classes Arrays and String Handling,4,mcq,As rows and columns (Matrix),As rows and columns (Matrix),True,,
2026-07-28 23:56:02,Gagu,2026-07-28,Library Classes Arrays and String Handling,5,mcq,A positive value,A positive value,True,,
2026-07-28 23:56:02,Gagu,2026-07-28,Library Classes Arrays and String Handling,6,mcq,append(),append(),True,,
2026-07-28 23:56:02,Gagu,2026-07-28,Library Classes Arrays and String Handling,7,mcq,Unboxing,Unboxing,True,,
2026-07-28 23:56:02,Gagu,2026-07-28,Library Classes Arrays and String Handling,8,output_prediction,Error,5,False,,
2026-07-28 23:56:02,Gagu,2026-07-28,Library Classes Arrays and String Handling,9,output_prediction,Error,0,False,,
2026-07-28 23:56:02,Gagu,2026-07-28,Library Classes Arrays and String Handling,10,output_prediction,-1,-1,True,,
2026-07-28 23:56:02,Gagu,2026-07-28,Library Classes Arrays and String Handling,11,output_prediction,3,3,True,,
2026-07-28 23:56:02,Gagu,2026-07-28,Library Classes Arrays and String Handling,12,error_finding,Cannot assign a double to an int array,Cannot assign a double to an int array,True,,
2026-07-28 23:56:02,Gagu,2026-07-28,Library Classes Arrays and String Handling,13,error_finding,Cannot assign to String variable,No error,False,,
2026-07-28 23:56:02,Gagu,2026-07-28,Library Classes Arrays and String Handling,14,error_finding,Method must be camelCase: equalsIgnoreCase,Method must be camelCase: equalsIgnoreCase,True,,
2026-07-28 23:56:02,Gagu,2026-07-28,Library Classes Arrays and String Handling,15,error_finding,StringBuffer doesn't support setCharAt(),The first argument must be an integer index,False,,
2026-07-29 23:54:09,Gagu,2026-07-29,Library Classes Arrays and String Handling,1,mcq,Math.abs(),Math.abs(),True,435.0,7 min 15 sec
2026-07-29 23:54:09,Gagu,2026-07-29,Library Classes Arrays and String Handling,2,mcq,int,int,True,435.0,7 min 15 sec
2026-07-29 23:54:09,Gagu,2026-07-29,Library Classes Arrays and String Handling,3,mcq,substring(),substring(),True,435.0,7 min 15 sec
2026-07-29 23:54:09,Gagu,2026-07-29,Library Classes Arrays and String Handling,4,mcq,false,false,True,435.0,7 min 15 sec
2026-07-29 23:54:09,Gagu,2026-07-29,Library Classes Arrays and String Handling,5,mcq,int a[] = new int[5];,int a[] = new int[5];,True,435.0,7 min 15 sec
2026-07-29 23:54:09,Gagu,2026-07-29,Library Classes Arrays and String Handling,6,error_finding,No error,No error,True,435.0,7 min 15 sec
2026-07-29 23:54:09,Gagu,2026-07-29,Library Classes Arrays and String Handling,7,error_finding,charAt is not a String method,"charAt expects an integer, not a string",False,435.0,7 min 15 sec
2026-07-29 23:54:09,Gagu,2026-07-29,Library Classes Arrays and String Handling,8,error_finding,123 must not have quotes,parseint should be parseInt,False,435.0,7 min 15 sec
2026-07-29 23:54:09,Gagu,2026-07-29,Library Classes Arrays and String Handling,9,error_finding,length should be length(),length should be length(),True,435.0,7 min 15 sec
2026-07-29 23:54:09,Gagu,2026-07-29,Library Classes Arrays and String Handling,10,error_finding,String arrays are not allowed,Array size must be in square brackets [ ],False,435.0,7 min 15 sec
2026-07-29 23:54:09,Gagu,2026-07-29,Library Classes Arrays and String Handling,11,output_prediction,-3.0,-3.0,True,435.0,7 min 15 sec
2026-07-29 23:54:09,Gagu,2026-07-29,Library Classes Arrays and String Handling,12,output_prediction,S,S,True,435.0,7 min 15 sec
2026-07-29 23:54:09,Gagu,2026-07-29,Library Classes Arrays and String Handling,13,output_prediction,3,3,True,435.0,7 min 15 sec
2026-07-29 23:54:09,Gagu,2026-07-29,Library Classes Arrays and String Handling,14,output_prediction,1,1,True,435.0,7 min 15 sec
2026-07-29 23:54:09,Gagu,2026-07-29,Library Classes Arrays and String Handling,15,output_prediction,false,false,True,435.0,7 min 15 sec
2026-07-31 23:27:30,Gagu,2026-07-30,Library Classes Arrays and String Handling,1,mcq,Math.round(),Math.round(),True,212.0,3 min 32 sec
2026-07-31 23:27:30,Gagu,2026-07-30,Library Classes Arrays and String Handling,2,mcq,compareToIgnoreCase(),compareToIgnoreCase(),True,212.0,3 min 32 sec
2026-07-31 23:27:30,Gagu,2026-07-30,Library Classes Arrays and String Handling,3,mcq,Number of columns,Number of columns,True,212.0,3 min 32 sec
2026-07-31 23:27:30,Gagu,2026-07-30,Library Classes Arrays and String Handling,4,mcq,ArrayIndexOutOfBoundsException,ArrayIndexOutOfBoundsException,True,212.0,3 min 32 sec
2026-07-31 23:27:30,Gagu,2026-07-30,Library Classes Arrays and String Handling,5,mcq,String,String,True,212.0,3 min 32 sec
2026-07-31 23:27:30,Gagu,2026-07-30,Library Classes Arrays and String Handling,6,error_finding,length should not have parentheses,length should not have parentheses,True,212.0,3 min 32 sec
2026-07-31 23:27:30,Gagu,2026-07-30,Library Classes Arrays and String Handling,7,error_finding,"compareTo returns an int, not a boolean","compareTo returns an int, not a boolean",True,212.0,3 min 32 sec
2026-07-31 23:27:30,Gagu,2026-07-30,Library Classes Arrays and String Handling,8,error_finding,Character literals must use single quotes,Character literals must use single quotes,True,212.0,3 min 32 sec
2026-07-31 23:27:30,Gagu,2026-07-30,Library Classes Arrays and String Handling,9,error_finding,concat() requires a String argument,concat() requires a String argument,True,212.0,3 min 32 sec
2026-07-31 23:27:30,Gagu,2026-07-30,Library Classes Arrays and String Handling,10,error_finding,Java does not allow size inside brackets during array initialization,Java does not allow size inside brackets during array initialization,True,212.0,3 min 32 sec
2026-07-31 23:27:30,Gagu,2026-07-30,Library Classes Arrays and String Handling,11,output_prediction,5,5,True,212.0,3 min 32 sec
2026-07-31 23:27:30,Gagu,2026-07-30,Library Classes Arrays and String Handling,12,output_prediction,HeLLo,HeLLo,True,212.0,3 min 32 sec
2026-07-31 23:27:30,Gagu,2026-07-30,Library Classes Arrays and String Handling,13,output_prediction,15,15,True,212.0,3 min 32 sec
2026-07-31 23:27:30,Gagu,2026-07-30,Library Classes Arrays and String Handling,14,output_prediction,Sch,ool,False,212.0,3 min 32 sec
2026-07-31 23:27:30,Gagu,2026-07-30,Library Classes Arrays and String Handling,15,output_prediction,true,false,False,212.0,3 min 32 sec
2026-07-31 23:32:21,Gagu,2026-07-31,Library Classes Arrays and String Handling,1,mcq,'1','1',True,249.0,4 min 9 sec
2026-07-31 23:32:21,Gagu,2026-07-31,Library Classes Arrays and String Handling,2,mcq,Both concat() and '+' can be used,Both concat() and '+' can be used,True,249.0,4 min 9 sec
2026-07-31 23:32:21,Gagu,2026-07-31,Library Classes Arrays and String Handling,3,mcq,Actual characters inside the string,Actual characters inside the string,True,249.0,4 min 9 sec
2026-07-31 23:32:21,Gagu,2026-07-31,Library Classes Arrays and String Handling,4,mcq,Character,Character,True,249.0,4 min 9 sec
2026-07-31 23:32:21,Gagu,2026-07-31,Library Classes Arrays and String Handling,5,mcq,N-1,N-1,True,249.0,4 min 9 sec
2026-07-31 23:32:21,Gagu,2026-07-31,Library Classes Arrays and String Handling,6,error_finding,StringBuffer requires the 'new' keyword,StringBuffer requires the 'new' keyword,True,249.0,4 min 9 sec
2026-07-31 23:32:21,Gagu,2026-07-31,Library Classes Arrays and String Handling,7,error_finding,A must be a number,valueOf() requires a String argument,False,249.0,4 min 9 sec
2026-07-31 23:32:21,Gagu,2026-07-31,Library Classes Arrays and String Handling,8,error_finding,isuppercase should be isUpperCase,isuppercase should be isUpperCase,True,249.0,4 min 9 sec
2026-07-31 23:32:21,Gagu,2026-07-31,Library Classes Arrays and String Handling,9,error_finding,Strings do not have a length property,length should be length(),False,249.0,4 min 9 sec
2026-07-31 23:32:21,Gagu,2026-07-31,Library Classes Arrays and String Handling,10,error_finding,Index 3 is out of bounds,Index 3 is out of bounds,True,249.0,4 min 9 sec
2026-07-31 23:32:21,Gagu,2026-07-31,Library Classes Arrays and String Handling,11,output_prediction,1020,1020,True,249.0,4 min 9 sec
2026-07-31 23:32:21,Gagu,2026-07-31,Library Classes Arrays and String Handling,12,output_prediction,10,10,True,249.0,4 min 9 sec
2026-07-31 23:32:21,Gagu,2026-07-31,Library Classes Arrays and String Handling,13,output_prediction,Error,3,False,249.0,4 min 9 sec
2026-07-31 23:32:21,Gagu,2026-07-31,Library Classes Arrays and String Handling,14,output_prediction,true,true,True,249.0,4 min 9 sec
2026-07-31 23:32:21,Gagu,2026-07-31,Library Classes Arrays and String Handling,15,output_prediction,Error,2,False,249.0,4 min 9 sec
2026-08-02 12:47:53,Gagu,2026-08-01,"Library Classes, Arrays, String Handling, and User-Defined Methods",1,mcq,Instance Variables,Formal Parameters,False,588.0,9 min 48 sec
2026-08-02 12:47:53,Gagu,2026-08-01,"Library Classes, Arrays, String Handling, and User-Defined Methods",2,mcq,trim(),trim(),True,588.0,9 min 48 sec
2026-08-02 12:47:53,Gagu,2026-08-01,"Library Classes, Arrays, String Handling, and User-Defined Methods",3,mcq,.length,.length,True,588.0,9 min 48 sec
2026-08-02 12:47:53,Gagu,2026-08-01,"Library Classes, Arrays, String Handling, and User-Defined Methods",4,mcq,Autoboxing,Autoboxing,True,588.0,9 min 48 sec
2026-08-02 12:47:53,Gagu,2026-08-01,"Library Classes, Arrays, String Handling, and User-Defined Methods",5,mcq,Pure Method,Pure Method,True,588.0,9 min 48 sec
2026-08-02 12:47:53,Gagu,2026-08-01,"Library Classes, Arrays, String Handling, and User-Defined Methods",6,mcq,int,int,True,588.0,9 min 48 sec
2026-08-02 12:47:53,Gagu,2026-08-01,"Library Classes, Arrays, String Handling, and User-Defined Methods",7,mcq,Pass by Return,Pass by Reference,False,588.0,9 min 48 sec
2026-08-02 12:47:53,Gagu,2026-08-01,"Library Classes, Arrays, String Handling, and User-Defined Methods",8,mcq,Static Binding,Static Binding,True,588.0,9 min 48 sec
2026-08-02 12:47:53,Gagu,2026-08-01,"Library Classes, Arrays, String Handling, and User-Defined Methods",9,error_finding,The size should be inside square brackets [5],The size should be inside square brackets [5],True,588.0,9 min 48 sec
2026-08-02 12:47:53,Gagu,2026-08-01,"Library Classes, Arrays, String Handling, and User-Defined Methods",10,error_finding,Data type is missing for parameter 'b',Data type is missing for parameter 'b',True,588.0,9 min 48 sec
2026-08-02 12:47:53,Gagu,2026-08-01,"Library Classes, Arrays, String Handling, and User-Defined Methods",11,error_finding,No error,charAt is a method and requires round parentheses (),False,588.0,9 min 48 sec
2026-08-02 12:47:53,Gagu,2026-08-01,"Library Classes, Arrays, String Handling, and User-Defined Methods",12,error_finding,Array size is too small for 10,Index 3 is out of bounds,False,588.0,9 min 48 sec
2026-08-02 12:47:53,Gagu,2026-08-01,"Library Classes, Arrays, String Handling, and User-Defined Methods",13,error_finding,No error,void methods cannot return a value,False,588.0,9 min 48 sec
2026-08-02 12:47:53,Gagu,2026-08-01,"Library Classes, Arrays, String Handling, and User-Defined Methods",14,error_finding,"concat() requires a String argument, not a char","concat() requires a String argument, not a char",True,588.0,9 min 48 sec
2026-08-02 12:47:53,Gagu,2026-08-01,"Library Classes, Arrays, String Handling, and User-Defined Methods",15,error_finding,No error,Wrapper class 'Double' must start with an uppercase 'D',False,588.0,9 min 48 sec
2026-08-02 12:47:53,Gagu,2026-08-01,"Library Classes, Arrays, String Handling, and User-Defined Methods",16,error_finding,StringBuffer requires the 'new' keyword to create an object,StringBuffer requires the 'new' keyword to create an object,True,588.0,9 min 48 sec
2026-08-02 12:47:53,Gagu,2026-08-01,"Library Classes, Arrays, String Handling, and User-Defined Methods",17,output_prediction,PUTE,PUTE,True,588.0,9 min 48 sec
2026-08-02 12:47:53,Gagu,2026-08-01,"Library Classes, Arrays, String Handling, and User-Defined Methods",18,output_prediction,COMUTER,COMTER,False,588.0,9 min 48 sec
2026-08-02 12:47:53,Gagu,2026-08-01,"Library Classes, Arrays, String Handling, and User-Defined Methods",19,output_prediction,7,7,True,588.0,9 min 48 sec
2026-08-02 12:47:53,Gagu,2026-08-01,"Library Classes, Arrays, String Handling, and User-Defined Methods",20,output_prediction,14,14,True,588.0,9 min 48 sec
2026-08-02 12:47:53,Gagu,2026-08-01,"Library Classes, Arrays, String Handling, and User-Defined Methods",21,output_prediction,Error,10,False,588.0,9 min 48 sec
2026-08-02 12:47:53,Gagu,2026-08-01,"Library Classes, Arrays, String Handling, and User-Defined Methods",22,output_prediction,99,99,True,588.0,9 min 48 sec
2026-08-02 12:47:53,Gagu,2026-08-01,"Library Classes, Arrays, String Handling, and User-Defined Methods",23,output_prediction,9,9,True,588.0,9 min 48 sec
2026-08-02 12:47:53,Gagu,2026-08-01,"Library Classes, Arrays, String Handling, and User-Defined Methods",24,output_prediction,Error,u,False,588.0,9 min 48 sec
2026-08-02 12:55:41,Gagu,2026-08-02,"Library Classes, Arrays, String Handling, and User-Defined Methods",1,mcq,public,public,True,421.0,7 min 1 sec
2026-08-02 12:55:41,Gagu,2026-08-02,"Library Classes, Arrays, String Handling, and User-Defined Methods",2,mcq,double,double,True,421.0,7 min 1 sec
2026-08-02 12:55:41,Gagu,2026-08-02,"Library Classes, Arrays, String Handling, and User-Defined Methods",3,mcq,insert(),insert(),True,421.0,7 min 1 sec
2026-08-02 12:55:41,Gagu,2026-08-02,"Library Classes, Arrays, String Handling, and User-Defined Methods",4,mcq,The method does not return any value,The method does not return any value,True,421.0,7 min 1 sec
2026-08-02 12:55:41,Gagu,2026-08-02,"Library Classes, Arrays, String Handling, and User-Defined Methods",5,mcq,equalsIgnoreCase() ignores letter casing,equalsIgnoreCase() ignores letter casing,True,421.0,7 min 1 sec
2026-08-02 12:55:41,Gagu,2026-08-02,"Library Classes, Arrays, String Handling, and User-Defined Methods",6,mcq,true,true,True,421.0,7 min 1 sec
2026-08-02 12:55:41,Gagu,2026-08-02,"Library Classes, Arrays, String Handling, and User-Defined Methods",7,mcq,It is passed by reference (aliasing),It is passed by reference (aliasing),True,421.0,7 min 1 sec
2026-08-02 12:55:41,Gagu,2026-08-02,"Library Classes, Arrays, String Handling, and User-Defined Methods",8,mcq,Changing only the return type,Changing only the return type,True,421.0,7 min 1 sec
2026-08-02 12:55:41,Gagu,2026-08-02,"Library Classes, Arrays, String Handling, and User-Defined Methods",9,error_finding,Hello must be enclosed in double quotes,Hello must be enclosed in double quotes,True,421.0,7 min 1 sec
2026-08-02 12:55:41,Gagu,2026-08-02,"Library Classes, Arrays, String Handling, and User-Defined Methods",10,error_finding,No error,Separate square brackets [2][2] must be used,False,421.0,7 min 1 sec
2026-08-02 12:55:41,Gagu,2026-08-02,"Library Classes, Arrays, String Handling, and User-Defined Methods",11,error_finding,void methods cannot return a value,void methods cannot return a value,True,421.0,7 min 1 sec
2026-08-02 12:55:41,Gagu,2026-08-02,"Library Classes, Arrays, String Handling, and User-Defined Methods",12,error_finding,Division by zero causes an ArithmeticException,Division by zero causes an ArithmeticException,True,421.0,7 min 1 sec
2026-08-02 12:55:41,Gagu,2026-08-02,"Library Classes, Arrays, String Handling, and User-Defined Methods",13,error_finding,Index 2 is out of bounds,Index 2 is out of bounds,True,421.0,7 min 1 sec
2026-08-02 12:55:41,Gagu,2026-08-02,"Library Classes, Arrays, String Handling, and User-Defined Methods",14,error_finding,Math.max only accepts two arguments,Math.max only accepts two arguments,True,421.0,7 min 1 sec
2026-08-02 12:55:41,Gagu,2026-08-02,"Library Classes, Arrays, String Handling, and User-Defined Methods",15,error_finding,1.5 cannot have quotes,Method should be camelCase: valueOf(),False,421.0,7 min 1 sec
2026-08-02 12:55:41,Gagu,2026-08-02,"Library Classes, Arrays, String Handling, and User-Defined Methods",16,error_finding,Method should be isLetter(),Method should be isLetter(),True,421.0,7 min 1 sec
2026-08-02 12:55:41,Gagu,2026-08-02,"Library Classes, Arrays, String Handling, and User-Defined Methods",17,output_prediction,oMp,oMp,True,421.0,7 min 1 sec
2026-08-02 12:55:41,Gagu,2026-08-02,"Library Classes, Arrays, String Handling, and User-Defined Methods",18,output_prediction,avaJ,avaJ,True,421.0,7 min 1 sec
2026-08-02 12:55:41,Gagu,2026-08-02,"Library Classes, Arrays, String Handling, and User-Defined Methods",19,output_prediction,5,5,True,421.0,7 min 1 sec
2026-08-02 12:55:41,Gagu,2026-08-02,"Library Classes, Arrays, String Handling, and User-Defined Methods",20,output_prediction,5,5,True,421.0,7 min 1 sec
2026-08-02 12:55:41,Gagu,2026-08-02,"Library Classes, Arrays, String Handling, and User-Defined Methods",21,output_prediction,10,10,True,421.0,7 min 1 sec
2026-08-02 12:55:41,Gagu,2026-08-02,"Library Classes, Arrays, String Handling, and User-Defined Methods",22,output_prediction,9,10,False,421.0,7 min 1 sec
2026-08-02 12:55:41,Gagu,2026-08-02,"Library Classes, Arrays, String Handling, and User-Defined Methods",23,output_prediction,15,15,True,421.0,7 min 1 sec
2026-08-02 12:55:41,Gagu,2026-08-02,"Library Classes, Arrays, String Handling, and User-Defined Methods",24,output_prediction,B,B,True,421.0,7 min 1 sec
2026-08-23 23:48:03,Gagu,2026-08-23,"Library Classes, Arrays, String Handling, and User-Defined Methods",1,mcq,2.0,3.0,False,411.0,6 min 51 sec
2026-08-23 23:48:03,Gagu,2026-08-23,"Library Classes, Arrays, String Handling, and User-Defined Methods",2,mcq,setCharAt(),setCharAt(),True,411.0,6 min 51 sec
2026-08-23 23:48:03,Gagu,2026-08-23,"Library Classes, Arrays, String Handling, and User-Defined Methods",3,mcq,A variable with 'static',A variable declared inside the class but outside any method,False,411.0,6 min 51 sec
2026-08-23 23:48:03,Gagu,2026-08-23,"Library Classes, Arrays, String Handling, and User-Defined Methods",4,mcq,Mutator,Mutator,True,411.0,6 min 51 sec
2026-08-23 23:48:03,Gagu,2026-08-23,"Library Classes, Arrays, String Handling, and User-Defined Methods",5,mcq,double primitive,double primitive,True,411.0,6 min 51 sec
2026-08-23 23:48:03,Gagu,2026-08-23,"Library Classes, Arrays, String Handling, and User-Defined Methods",6,mcq,0 to N-1,0 to N-1,True,411.0,6 min 51 sec
2026-08-23 23:48:03,Gagu,2026-08-23,"Library Classes, Arrays, String Handling, and User-Defined Methods",7,mcq,Doubles from 0.0 to 1.0 (exclusive),Doubles from 0.0 to 1.0 (exclusive),True,411.0,6 min 51 sec
2026-08-23 23:48:03,Gagu,2026-08-23,"Library Classes, Arrays, String Handling, and User-Defined Methods",8,mcq,Method name and parameter list,Method name and parameter list,True,411.0,6 min 51 sec
2026-08-23 23:48:03,Gagu,2026-08-23,"Library Classes, Arrays, String Handling, and User-Defined Methods",9,error_finding,Void must be entirely lowercase: void,Void must be entirely lowercase: void,True,411.0,6 min 51 sec
2026-08-23 23:48:03,Gagu,2026-08-23,"Library Classes, Arrays, String Handling, and User-Defined Methods",10,error_finding,Characters must be enclosed in single quotes ('A'),Characters must be enclosed in single quotes ('A'),True,411.0,6 min 51 sec
2026-08-23 23:48:03,Gagu,2026-08-23,"Library Classes, Arrays, String Handling, and User-Defined Methods",11,error_finding,length() is a method and should not be used for arrays,length() is a method and should not be used for arrays,True,411.0,6 min 51 sec
2026-08-23 23:48:03,Gagu,2026-08-23,"Library Classes, Arrays, String Handling, and User-Defined Methods",12,error_finding,"The second argument ""h"" is a String, but it should be a char 'h'","The second argument ""h"" is a String, but it should be a char 'h'",True,411.0,6 min 51 sec
2026-08-23 23:48:03,Gagu,2026-08-23,"Library Classes, Arrays, String Handling, and User-Defined Methods",13,error_finding,"Math.max returns a double here, which cannot be assigned to an int","Math.max returns a double here, which cannot be assigned to an int",True,411.0,6 min 51 sec
2026-08-23 23:48:03,Gagu,2026-08-23,"Library Classes, Arrays, String Handling, and User-Defined Methods",14,error_finding,"The loop condition i<1 is initially false, so the loop never executes","The loop condition i<1 is initially false, so the loop never executes",True,411.0,6 min 51 sec
2026-08-23 23:48:03,Gagu,2026-08-23,"Library Classes, Arrays, String Handling, and User-Defined Methods",15,error_finding,character must begin with an uppercase 'C',character must begin with an uppercase 'C',True,411.0,6 min 51 sec
2026-08-23 23:48:03,Gagu,2026-08-23,"Library Classes, Arrays, String Handling, and User-Defined Methods",16,error_finding,StringBuffer requires the 'new' keyword for instantiation,StringBuffer requires the 'new' keyword for instantiation,True,411.0,6 min 51 sec
2026-08-23 23:48:03,Gagu,2026-08-23,"Library Classes, Arrays, String Handling, and User-Defined Methods",17,output_prediction,true,true,True,411.0,6 min 51 sec
2026-08-23 23:48:03,Gagu,2026-08-23,"Library Classes, Arrays, String Handling, and User-Defined Methods",18,output_prediction,Heplo,Heppo,False,411.0,6 min 51 sec
2026-08-23 23:48:03,Gagu,2026-08-23,"Library Classes, Arrays, String Handling, and User-Defined Methods",19,output_prediction,3,3,True,411.0,6 min 51 sec
2026-08-23 23:48:03,Gagu,2026-08-23,"Library Classes, Arrays, String Handling, and User-Defined Methods",20,output_prediction,Error,6,False,411.0,6 min 51 sec
2026-08-23 23:48:03,Gagu,2026-08-23,"Library Classes, Arrays, String Handling, and User-Defined Methods",21,output_prediction,10,10,True,411.0,6 min 51 sec
2026-08-23 23:48:03,Gagu,2026-08-23,"Library Classes, Arrays, String Handling, and User-Defined Methods",22,output_prediction,5,5,True,411.0,6 min 51 sec
2026-08-23 23:48:03,Gagu,2026-08-23,"Library Classes, Arrays, String Handling, and User-Defined Methods",23,output_prediction,10,10,True,411.0,6 min 51 sec
2026-08-23 23:48:03,Gagu,2026-08-23,"Library Classes, Arrays, String Handling, and User-Defined Methods",24,output_prediction,A5,A5,True,411.0,6 min 51 sec
2026-08-25 10:05:58,Gagu,2026-08-24,"Library Classes, Arrays, String Handling, and User-Defined Methods",1,mcq,3.0,2.0,False,226.0,3 min 46 sec
2026-08-25 10:05:58,Gagu,2026-08-24,"Library Classes, Arrays, String Handling, and User-Defined Methods",2,mcq,do-while,while,False,226.0,3 min 46 sec
2026-08-25 10:05:58,Gagu,2026-08-24,"Library Classes, Arrays, String Handling, and User-Defined Methods",3,mcq,compareTo(),compareTo(),True,226.0,3 min 46 sec
2026-08-25 10:05:58,Gagu,2026-08-24,"Library Classes, Arrays, String Handling, and User-Defined Methods",4,mcq,5,5,True,226.0,3 min 46 sec
2026-08-25 10:05:58,Gagu,2026-08-24,"Library Classes, Arrays, String Handling, and User-Defined Methods",5,mcq,'a','a',True,226.0,3 min 46 sec
2026-08-25 10:05:58,Gagu,2026-08-24,"Library Classes, Arrays, String Handling, and User-Defined Methods",6,mcq,setLength(0),setLength(0),True,226.0,3 min 46 sec
2026-08-25 10:05:58,Gagu,2026-08-24,"Library Classes, Arrays, String Handling, and User-Defined Methods",7,mcq,Method Overloading,Method Overloading,True,226.0,3 min 46 sec
2026-08-25 10:05:58,Gagu,2026-08-24,"Library Classes, Arrays, String Handling, and User-Defined Methods",8,mcq,Float object,Float object,True,226.0,3 min 46 sec
2026-08-25 10:05:58,Gagu,2026-08-24,"Library Classes, Arrays, String Handling, and User-Defined Methods",9,error_finding,"Float literals inherently require an 'f' suffix, e.g., 3.14f","Float literals inherently require an 'f' suffix, e.g., 3.14f",True,226.0,3 min 46 sec
2026-08-25 10:05:58,Gagu,2026-08-24,"Library Classes, Arrays, String Handling, and User-Defined Methods",10,error_finding,Public must begin strictly with a lowercase 'p',Public must begin strictly with a lowercase 'p',True,226.0,3 min 46 sec
2026-08-25 10:05:58,Gagu,2026-08-24,"Library Classes, Arrays, String Handling, and User-Defined Methods",11,error_finding,charAt demands round parentheses (),charAt demands round parentheses (),True,226.0,3 min 46 sec
2026-08-25 10:05:58,Gagu,2026-08-24,"Library Classes, Arrays, String Handling, and User-Defined Methods",12,error_finding,void implies non-returnable; it cannot throw back a 5,void implies non-returnable; it cannot throw back a 5,True,226.0,3 min 46 sec
2026-08-25 10:05:58,Gagu,2026-08-24,"Library Classes, Arrays, String Handling, and User-Defined Methods",13,error_finding,"An array sized 2 holds indices 0 and 1, making index 2 Out Of Bounds","An array sized 2 holds indices 0 and 1, making index 2 Out Of Bounds",True,226.0,3 min 46 sec
2026-08-25 10:05:58,Gagu,2026-08-24,"Library Classes, Arrays, String Handling, and User-Defined Methods",14,error_finding,"Math.pow strictly returns a double, which refuses implicit assignment to an int","Math.pow strictly returns a double, which refuses implicit assignment to an int",True,226.0,3 min 46 sec
2026-08-25 10:05:58,Gagu,2026-08-24,"Library Classes, Arrays, String Handling, and User-Defined Methods",15,error_finding,Standard Strings lack a reverse() method; it belongs strictly to StringBuffer,Standard Strings lack a reverse() method; it belongs strictly to StringBuffer,True,226.0,3 min 46 sec
2026-08-25 10:05:58,Gagu,2026-08-24,"Library Classes, Arrays, String Handling, and User-Defined Methods",16,error_finding,Library classes like Math must aggressively begin with a capital 'M',Library classes like Math must aggressively begin with a capital 'M',True,226.0,3 min 46 sec
2026-08-25 10:05:58,Gagu,2026-08-24,"Library Classes, Arrays, String Handling, and User-Defined Methods",17,output_prediction,Error,8,False,226.0,3 min 46 sec
2026-08-25 10:05:58,Gagu,2026-08-24,"Library Classes, Arrays, String Handling, and User-Defined Methods",18,output_prediction,Sch,Sch,True,226.0,3 min 46 sec
2026-08-25 10:05:58,Gagu,2026-08-24,"Library Classes, Arrays, String Handling, and User-Defined Methods",19,output_prediction,1,1,True,226.0,3 min 46 sec
2026-08-25 10:05:58,Gagu,2026-08-24,"Library Classes, Arrays, String Handling, and User-Defined Methods",20,output_prediction,Error,2,False,226.0,3 min 46 sec
2026-08-25 10:05:58,Gagu,2026-08-24,"Library Classes, Arrays, String Handling, and User-Defined Methods",21,output_prediction,10,10,True,226.0,3 min 46 sec
2026-08-25 10:05:58,Gagu,2026-08-24,"Library Classes, Arrays, String Handling, and User-Defined Methods",22,output_prediction,02,02,True,226.0,3 min 46 sec
2026-08-25 10:05:58,Gagu,2026-08-24,"Library Classes, Arrays, String Handling, and User-Defined Methods",23,output_prediction,Hiya,Hiya,True,226.0,3 min 46 sec
2026-08-25 10:05:58,Gagu,2026-08-24,"Library Classes, Arrays, String Handling, and User-Defined Methods",24,output_prediction,true,true,True,226.0,3 min 46 sec
2026-09-19 22:32:42,Gagu,2026-09-19,"Library Classes, Arrays, String Handling, and User-Defined Methods",1,mcq,length(),length(),True,580.0,9 min 40 sec
2026-09-19 22:32:42,Gagu,2026-09-19,"Library Classes, Arrays, String Handling, and User-Defined Methods",2,mcq,,,True,580.0,9 min 40 sec
2026-09-19 22:32:42,Gagu,2026-09-19,"Library Classes, Arrays, String Handling, and User-Defined Methods",3,mcq,Returns 5,Returns 5,True,580.0,9 min 40 sec
2026-09-19 22:32:42,Gagu,2026-09-19,"Library Classes, Arrays, String Handling, and User-Defined Methods",4,mcq,boolean,boolean,True,580.0,9 min 40 sec
2026-09-19 22:32:42,Gagu,2026-09-19,"Library Classes, Arrays, String Handling, and User-Defined Methods",5,mcq,"No, arrays rigidly permit only identical types","No, arrays rigidly permit only identical types",True,580.0,9 min 40 sec
2026-09-19 22:32:42,Gagu,2026-09-19,"Library Classes, Arrays, String Handling, and User-Defined Methods",6,mcq,No,No,True,580.0,9 min 40 sec
2026-09-19 22:32:42,Gagu,2026-09-19,"Library Classes, Arrays, String Handling, and User-Defined Methods",7,mcq,No,No,True,580.0,9 min 40 sec
2026-09-19 22:32:42,Gagu,2026-09-19,"Library Classes, Arrays, String Handling, and User-Defined Methods",8,mcq,Unboxing objects,Sharing the exact same memory reference address,False,580.0,9 min 40 sec
2026-09-19 22:32:42,Gagu,2026-09-19,"Library Classes, Arrays, String Handling, and User-Defined Methods",9,error_finding,True strictly necessitates lowercase formatting (true),True strictly necessitates lowercase formatting (true),True,580.0,9 min 40 sec
2026-09-19 22:32:42,Gagu,2026-09-19,"Library Classes, Arrays, String Handling, and User-Defined Methods",10,error_finding,"Condition demands ==, not standard assignment =","Condition demands ==, not standard assignment =",True,580.0,9 min 40 sec
2026-09-19 22:32:42,Gagu,2026-09-19,"Library Classes, Arrays, String Handling, and User-Defined Methods",11,error_finding,"String objects actively reject single quotes, needing double quotes","String objects actively reject single quotes, needing double quotes",True,580.0,9 min 40 sec
2026-09-19 22:32:42,Gagu,2026-09-19,"Library Classes, Arrays, String Handling, and User-Defined Methods",12,error_finding,Cannot reassign a,Dividing by zero forcefully generates a fatal exception,False,580.0,9 min 40 sec
2026-09-19 22:32:42,Gagu,2026-09-19,"Library Classes, Arrays, String Handling, and User-Defined Methods",13,error_finding,Index 5 extensively breaches the brief 2-character limit,Index 5 extensively breaches the brief 2-character limit,True,580.0,9 min 40 sec
2026-09-19 22:32:42,Gagu,2026-09-19,"Library Classes, Arrays, String Handling, and User-Defined Methods",14,error_finding,No error,Methods labeled with int explicitly mandate a return statement,False,580.0,9 min 40 sec
2026-09-19 22:32:42,Gagu,2026-09-19,"Library Classes, Arrays, String Handling, and User-Defined Methods",15,error_finding,length fundamentally necessitates explicit parentheses as length(),length fundamentally necessitates explicit parentheses as length(),True,580.0,9 min 40 sec
2026-09-19 22:32:42,Gagu,2026-09-19,"Library Classes, Arrays, String Handling, and User-Defined Methods",16,error_finding,The targeted conversion technique is specifically labeled parseInt(),The targeted conversion technique is specifically labeled parseInt(),True,580.0,9 min 40 sec
2026-09-19 22:32:42,Gagu,2026-09-19,"Library Classes, Arrays, String Handling, and User-Defined Methods",17,output_prediction,Hello,World,False,580.0,9 min 40 sec
2026-09-19 22:32:42,Gagu,2026-09-19,"Library Classes, Arrays, String Handling, and User-Defined Methods",18,output_prediction,Error,J*v*,False,580.0,9 min 40 sec
2026-09-19 22:32:42,Gagu,2026-09-19,"Library Classes, Arrays, String Handling, and User-Defined Methods",19,output_prediction,20,20,True,580.0,9 min 40 sec
2026-09-19 22:32:42,Gagu,2026-09-19,"Library Classes, Arrays, String Handling, and User-Defined Methods",20,output_prediction,4,6,False,580.0,9 min 40 sec
2026-09-19 22:32:42,Gagu,2026-09-19,"Library Classes, Arrays, String Handling, and User-Defined Methods",21,output_prediction,A,B,False,580.0,9 min 40 sec
2026-09-19 22:32:42,Gagu,2026-09-19,"Library Classes, Arrays, String Handling, and User-Defined Methods",22,output_prediction,Error,124,False,580.0,9 min 40 sec
2026-09-19 22:32:42,Gagu,2026-09-19,"Library Classes, Arrays, String Handling, and User-Defined Methods",23,output_prediction,10,10,True,580.0,9 min 40 sec
2026-09-19 22:32:42,Gagu,2026-09-19,"Library Classes, Arrays, String Handling, and User-Defined Methods",24,output_prediction,24,24,True,580.0,9 min 40 sec
2026-09-24 11:23:42,Gagu,2026-09-20,"Library Classes, Arrays, String Handling, and User-Defined Methods",1,mcq,indexOf(),indexOf(),True,649.0,10 min 49 sec
2026-09-24 11:23:42,Gagu,2026-09-20,"Library Classes, Arrays, String Handling, and User-Defined Methods",2,mcq,Subscript,Subscript,True,649.0,10 min 49 sec
2026-09-24 11:23:42,Gagu,2026-09-20,"Library Classes, Arrays, String Handling, and User-Defined Methods",3,mcq,false,false,True,649.0,10 min 49 sec
2026-09-24 11:23:42,Gagu,2026-09-20,"Library Classes, Arrays, String Handling, and User-Defined Methods",4,mcq,double,double,True,649.0,10 min 49 sec
2026-09-24 11:23:42,Gagu,2026-09-20,"Library Classes, Arrays, String Handling, and User-Defined Methods",5,mcq,"length is an array property, length() is a String method","length is an array property, length() is a String method",True,649.0,10 min 49 sec
2026-09-24 11:23:42,Gagu,2026-09-20,"Library Classes, Arrays, String Handling, and User-Defined Methods",6,mcq,It changes the state of an object,It changes the state of an object,True,649.0,10 min 49 sec
2026-09-24 11:23:42,Gagu,2026-09-20,"Library Classes, Arrays, String Handling, and User-Defined Methods",7,mcq,Actual and formal parameters represent the exact same memory locations,Actual and formal parameters represent the exact same memory locations,True,649.0,10 min 49 sec
2026-09-24 11:23:42,Gagu,2026-09-20,"Library Classes, Arrays, String Handling, and User-Defined Methods",8,mcq,"No, it cannot be done by changing the return type","No, it cannot be done by changing the return type",True,649.0,10 min 49 sec
2026-09-24 11:23:42,Gagu,2026-09-20,"Library Classes, Arrays, String Handling, and User-Defined Methods",9,error_finding,No error,Array brackets should be empty on the left,False,649.0,10 min 49 sec
2026-09-24 11:23:42,Gagu,2026-09-20,"Library Classes, Arrays, String Handling, and User-Defined Methods",10,error_finding,No error,string must be capitalized as String,False,649.0,10 min 49 sec
2026-09-24 11:23:42,Gagu,2026-09-20,"Library Classes, Arrays, String Handling, and User-Defined Methods",11,error_finding,Character literals must use single quotes,Character literals must use single quotes,True,649.0,10 min 49 sec
2026-09-24 11:23:42,Gagu,2026-09-20,"Library Classes, Arrays, String Handling, and User-Defined Methods",12,error_finding,No error,Division by zero throws an ArithmeticException,False,649.0,10 min 49 sec
2026-09-24 11:23:42,Gagu,2026-09-20,"Library Classes, Arrays, String Handling, and User-Defined Methods",13,error_finding,A method with a void return type cannot return a value,A method with a void return type cannot return a value,True,649.0,10 min 49 sec
2026-09-24 11:23:42,Gagu,2026-09-20,"Library Classes, Arrays, String Handling, and User-Defined Methods",14,error_finding,Index 2 is out of bounds for an array of size 2,Index 2 is out of bounds for an array of size 2,True,649.0,10 min 49 sec
2026-09-24 11:23:42,Gagu,2026-09-20,"Library Classes, Arrays, String Handling, and User-Defined Methods",15,error_finding,Method should be camelCase: parseInt(),Method should be camelCase: parseInt(),True,649.0,10 min 49 sec
2026-09-24 11:23:42,Gagu,2026-09-20,"Library Classes, Arrays, String Handling, and User-Defined Methods",16,error_finding,StringBuffer requires the 'new' keyword for instantiation,StringBuffer requires the 'new' keyword for instantiation,True,649.0,10 min 49 sec
2026-09-24 11:23:42,Gagu,2026-09-20,"Library Classes, Arrays, String Handling, and User-Defined Methods",17,output_prediction,1,3,False,649.0,10 min 49 sec
2026-09-24 11:23:42,Gagu,2026-09-20,"Library Classes, Arrays, String Handling, and User-Defined Methods",18,output_prediction,PP,Pp,False,649.0,10 min 49 sec
2026-09-24 11:23:42,Gagu,2026-09-20,"Library Classes, Arrays, String Handling, and User-Defined Methods",19,output_prediction,6,8,False,649.0,10 min 49 sec
2026-09-24 11:23:42,Gagu,2026-09-20,"Library Classes, Arrays, String Handling, and User-Defined Methods",20,output_prediction,6,6,True,649.0,10 min 49 sec
2026-09-24 11:23:42,Gagu,2026-09-20,"Library Classes, Arrays, String Handling, and User-Defined Methods",21,output_prediction,10,5,False,649.0,10 min 49 sec
2026-09-24 11:23:42,Gagu,2026-09-20,"Library Classes, Arrays, String Handling, and User-Defined Methods",22,output_prediction,6,6,True,649.0,10 min 49 sec
2026-09-24 11:23:42,Gagu,2026-09-20,"Library Classes, Arrays, String Handling, and User-Defined Methods",23,output_prediction,1,3,False,649.0,10 min 49 sec
2026-09-24 11:23:42,Gagu,2026-09-20,"Library Classes, Arrays, String Handling, and User-Defined Methods",24,output_prediction,A1,66,False,649.0,10 min 49 sec
2026-09-24 11:44:01,Gagu,2026-09-21,"Library Classes, Arrays, String Handling, and User-Defined Methods",1,mcq,Composite data types,Composite data types,True,982.0,16 min 22 sec
2026-09-24 11:44:01,Gagu,2026-09-21,"Library Classes, Arrays, String Handling, and User-Defined Methods",2,mcq,Character,Character,True,982.0,16 min 22 sec
2026-09-24 11:44:01,Gagu,2026-09-21,"Library Classes, Arrays, String Handling, and User-Defined Methods",3,mcq,Math.pow(),Math.pow(),True,982.0,16 min 22 sec
2026-09-24 11:44:01,Gagu,2026-09-21,"Library Classes, Arrays, String Handling, and User-Defined Methods",4,mcq,Converting wrapper class objects into primitive data types,Converting wrapper class objects into primitive data types,True,982.0,16 min 22 sec
2026-09-24 11:44:01,Gagu,2026-09-21,"Library Classes, Arrays, String Handling, and User-Defined Methods",5,mcq,Array must be empty,Array must be sorted in an order,False,982.0,16 min 22 sec
2026-09-24 11:44:01,Gagu,2026-09-21,"Library Classes, Arrays, String Handling, and User-Defined Methods",6,mcq,It performs actions but does not return any output value,It performs actions but does not return any output value,True,982.0,16 min 22 sec
2026-09-24 11:44:01,Gagu,2026-09-21,"Library Classes, Arrays, String Handling, and User-Defined Methods",7,mcq,ASCII difference between characters,ASCII difference between characters,True,982.0,16 min 22 sec
2026-09-24 11:44:01,Gagu,2026-09-21,"Library Classes, Arrays, String Handling, and User-Defined Methods",8,mcq,"void obj(double a, int b)","void obj(double a, int b)",True,982.0,16 min 22 sec
2026-09-24 11:44:01,Gagu,2026-09-21,"Library Classes, Arrays, String Handling, and User-Defined Methods",9,error_finding,No error,Separate square brackets [2][2] must be used,False,982.0,16 min 22 sec
2026-09-24 11:44:01,Gagu,2026-09-21,"Library Classes, Arrays, String Handling, and User-Defined Methods",10,error_finding,"Condition demands ==, not standard assignment =","Condition demands ==, not standard assignment =",True,982.0,16 min 22 sec
2026-09-24 11:44:01,Gagu,2026-09-21,"Library Classes, Arrays, String Handling, and User-Defined Methods",11,error_finding,"String objects actively reject single quotes, necessitating double quotes","String objects actively reject single quotes, necessitating double quotes",True,982.0,16 min 22 sec
2026-09-24 11:44:01,Gagu,2026-09-21,"Library Classes, Arrays, String Handling, and User-Defined Methods",12,error_finding,The condition i <= a.length forcefully causes an ArrayIndexOutOfBoundsException,The condition i <= a.length forcefully causes an ArrayIndexOutOfBoundsException,True,982.0,16 min 22 sec
2026-09-24 11:44:01,Gagu,2026-09-21,"Library Classes, Arrays, String Handling, and User-Defined Methods",13,error_finding,No error,"Math.sqrt fundamentally returns a double, which refuses implicit assignment to an int",False,982.0,16 min 22 sec
2026-09-24 11:44:01,Gagu,2026-09-21,"Library Classes, Arrays, String Handling, and User-Defined Methods",14,error_finding,Dividing by zero forcefully generates a fatal ArithmeticException,Dividing by zero forcefully generates a fatal ArithmeticException,True,982.0,16 min 22 sec
2026-09-24 11:44:01,Gagu,2026-09-21,"Library Classes, Arrays, String Handling, and User-Defined Methods",15,error_finding,Method should be camelCase: valueOf(),Method should be camelCase: valueOf(),True,982.0,16 min 22 sec
2026-09-24 11:44:01,Gagu,2026-09-21,"Library Classes, Arrays, String Handling, and User-Defined Methods",16,error_finding,No error,character wrapper class must aggressively begin with an uppercase 'C',False,982.0,16 min 22 sec
2026-09-24 11:44:01,Gagu,2026-09-21,"Library Classes, Arrays, String Handling, and User-Defined Methods",17,output_prediction,E,E,True,982.0,16 min 22 sec
2026-09-24 11:44:01,Gagu,2026-09-21,"Library Classes, Arrays, String Handling, and User-Defined Methods",18,output_prediction,Jaxva,Jaxva,True,982.0,16 min 22 sec
2026-09-24 11:44:01,Gagu,2026-09-21,"Library Classes, Arrays, String Handling, and User-Defined Methods",19,output_prediction,3,3,True,982.0,16 min 22 sec
2026-09-24 11:44:01,Gagu,2026-09-21,"Library Classes, Arrays, String Handling, and User-Defined Methods",20,output_prediction,5,5,True,982.0,16 min 22 sec
2026-09-24 11:44:01,Gagu,2026-09-21,"Library Classes, Arrays, String Handling, and User-Defined Methods",21,output_prediction,Error,13,False,982.0,16 min 22 sec
2026-09-24 11:44:01,Gagu,2026-09-21,"Library Classes, Arrays, String Handling, and User-Defined Methods",22,output_prediction,8,8,True,982.0,16 min 22 sec
2026-09-24 11:44:01,Gagu,2026-09-21,"Library Classes, Arrays, String Handling, and User-Defined Methods",23,output_prediction,510,555,False,982.0,16 min 22 sec
2026-09-24 11:44:01,Gagu,2026-09-21,"Library Classes, Arrays, String Handling, and User-Defined Methods",24,output_prediction,9.0,9.0,True,982.0,16 min 22 sec
